NAME,Longitude,Latitude
Telok Ayer Green,103.847644,1.281465
Mayflower Crescent Playground,103.839569,1.372718
Sunrise Drive Playground 1,103.85737,1.388306
Elias Terrace Playground,103.941094,1.37219
Kew Avenue Playground,103.948451,1.321627
Greenfield Drive Playground,103.917656,1.313035
Sun Plaza Park,103.944482,1.359264
Changi Point Ferry Terminal,103.987296,1.391226
Shangri-La Playground,103.832392,1.371021
Opera Estate Football Field,103.924456,1.320101
Lentor Vale Playground,103.836146,1.388054
Limau Villas Playground,103.950395,1.323852
Paya Lebar Crescent Open Space,103.883569,1.348967
Mugliston Park Playground,103.877906,1.385446
Sungei Api Api Park,103.945667,1.378733
Yio Chu Kang Gardens Playground,103.837487,1.380681
Tampines Eco Green,103.94869,1.363915
Mimosa Terrace Playground,103.86045,1.38405
Neram Crescent Playground,103.865744,1.385589
Changi Point Waterfront Park,103.988089,1.390647
Aida Park,103.927927,1.31938
Tai Keng Gardens Playground,103.884998,1.346071
Realty Park,103.533664,1.367964
Changi Point Promenade,103.98919,1.390172
Aroozoo Avenue Playground,103.885955,1.355196
St. Anne's Wood Playground,103.903736,1.39164
Bedok Terrace Playground,103.94749,1.325534
Bunga Rampai Park,103.884275,1.340453
Handy Road Open Space,103.847775,1.298971
Kitchener Green Playground,103.859533,1.307305
Penang Road Open Space,103.841238,1.300097
National Orchid Garden,103.813894,1.31267
Eng Kong Garden Playground,103.769163,1.336924
Sennett Avenue Open Space,103.939424,1.318785
Interim Park At Lengkong Enam,103.914737,1.327364
Pesari Walk Playground,103.953982,1.324428
Changi Heights Playground,103.972157,1.362848
Jalan Senang Playground,103.915658,1.328996
Telok Kurau Park,103.914286,1.315365
Sunrise Place Playground,103.8566,1.386943
Seletar Terrace Playground,103.86872,1.381468
Upper Peirce Reservoir Park,103.811353,1.374509
Tai Hwan Terrace Playground,103.860395,1.356359
Woodlands Town Park East,103.779226,1.436524
Tamarind Road Playground,103.860192,1.389702
Woodlands Waterfront Park,103.780115,1.4527
Ellington Square Playground,103.83453,1.372002
Thrift Drive Open Space,103.883247,1.343887
Cactus Road Playground,103.852236,1.390109
Serenade Walk Playground,103.83456,1.379921
Gelenggang Park,103.829858,1.373476
Park Villas Terrace Playground,103.880039,1.368982
Jalan Kemuning Park,103.826964,1.439358
Sunrise Terrace Open Space,103.856121,1.388258
Sunrise Close Playground,103.85751,1.387012
Thomson Walk Playground,103.832499,1.375997
Burgundy Crescent Playground,103.760905,1.339827
Lorong Kemunchup Playground,103.760959,1.36042
Chestnut Drive Playground,103.76883,1.367634
Sunset Way Park,103.764779,1.327695
Pavilion Park Playground,103.751977,1.372286
West Coast Green Playground,103.75636,1.31556
Jalan Dermawan Playground,103.758606,1.360639
Jurong Central Park,103.707876,1.338017
Faber Height Open Space,103.757668,1.322504
West Coast Place Playground,103.75845,1.314254
Westville Playground,103.698636,1.354237
Villa Verde Park,103.751411,1.389549
Chestnut Close Playground,103.773357,1.36927
Upper Seletar Reservoir Park,103.805724,1.399749
Thong Soon Green Playground,103.818446,1.400032
Springleaf Avenue Playground,103.822384,1.400871
Lentor Walk Playground,103.838383,1.388631
Mariam Way Playground,103.966205,1.361952
Mariam Walk Playground,103.968547,1.359547
Thomson Green Playground,103.832623,1.378692
Surin Avenue Neighbourhood Park,103.884109,1.355558
Mimosa Road Playground,103.862974,1.384262
Chartwell Drive Park,103.863872,1.359631
Springside Park,103.820607,1.405672
Florissa Park Playground,103.835072,1.386954
Kranji Marshes,103.719891,1.420227
Janggus Garden,103.836984,1.45754
Ann Siang Hill Park,103.846119,1.280438
Duxton Plain Park,103.841419,1.281122
Yishun Neighbourhood Park,103.835077,1.437622
Tanah Puteh Park,103.931431,1.315873
Jalan Pari Dedap Playground,103.94388,1.333021
Jalan Limau Kasturi Playground,103.946385,1.323983
Dew Garden,103.871065,1.399266
Sunrise Way Playground,103.856752,1.387662
Jalan Kelichap Playground,103.881825,1.346782
Interim Park at Terang Bulan Avenue,103.921577,1.321633
Sunbird Circle Playground,103.958234,1.339039
Jalan Pelatok Playground,103.960344,1.346095
Jalan Limau Kasturi Open Space,103.946228,1.324284
Changi East Boardwalk,103.986344,1.391794
Teacher's Estate Playground,103.8292,1.381992
Hillview Crescent Playground,103.761025,1.355361
Sunset Way Playground,103.766406,1.326788
Taman Mas Merah Playground,103.76476,1.308751
Cashew Link Playground,103.768925,1.371359
Hindhede Nature Park,103.776007,1.350204
Faber Hill Playground,103.757976,1.319767
Raffles Place Park,103.851335,1.284244
Hong Lim Park - Speakers' Corner,103.846578,1.286639
Mount Batten Rd/Old Airport Rd Open Space,103.883301,1.305734
Wilkinson Interim Park,103.887304,1.301572
Central Catchment Nature Reserve,103.805474,1.377305
Bishan-Ang Mo Kio Park,103.847295,1.361456
Sembawang Hot Spring Park,103.822647,1.434169
Jalan Pelatok Open Space,103.960857,1.346175
Turnhouse Park,103.978979,1.389904
Coney Island Park,103.923131,1.409913
Stratton Walk Playground,103.866967,1.379237
Leban Park,103.829073,1.372761
Kew Drive Playground,103.951754,1.32071
Harvey Crescent Playground,103.955192,1.340659
Poh Huat Road Playground,103.881611,1.366937
Lentor Street Playground,103.834277,1.390098
Lilac Drive Playground,103.861151,1.381099
Mei Hwan Drive Playground,103.863473,1.35335
Chuan Green Playground,103.866008,1.36048
Begonia Road Playground,103.863388,1.387857
Fudu Walk Playground,103.837234,1.389835
Countryside Playground,103.838591,1.390065
Jalan Pari Burong Playground,103.946938,1.333849
St. Nicholas View Playground,103.832785,1.371626
Waringin Park Playground,103.919179,1.323023
Tai Keng Place Playground,103.884842,1.345032
Parry Road Playground,103.877504,1.366029
Garden View Playground,103.865669,1.360425
Kallang Riverside Park,103.866979,1.305787
Empress Place,103.851957,1.286824
Mount Faber Park,103.818222,1.275281
Limau Garden Playground,103.950773,1.322453
Meragi Road Playground,103.960283,1.344383
Realty Park Playground,103.889832,1.367302
Pasir Ris Town Park,103.952378,1.37169
Bedok Ria Crescent Playground,103.953082,1.327417
Coronation Park Playground,103.7964,1.322026
Platina Road Playground,103.826119,1.427545
Springleaf Nature Park,103.817469,1.401159
Kranji Reservoir Park,103.740057,1.438806
Kandis Garden,103.835674,1.456222
Punggol Park,103.898646,1.376939
Lower Seletar Reservoir Park,103.832171,1.409974
Springleaf Garden Playground,103.822322,1.398039
Yishun Pond Park,103.839487,1.427597
Jalan Rasok Park,103.759039,1.416512
Goodlink Park Playground,103.825351,1.427281
Yishun Park,103.84261,1.424376
Lower Peirce Reservoir Park,103.826296,1.369065
Punggol Waterway,103.915405,1.402233
Kent Ridge Park,103.790319,1.284353
Sisters' Islands Marine Park,103.835,1.214058
Telok Blangah Hill Park,103.810545,1.278845
HortPark,103.801481,1.278631
Jalan Naung Playground,103.892822,1.369563
Chu Yen Playground,103.759016,1.35864
Kampong Java Park,103.845552,1.310863
Kim Pong Road Open Space,103.829977,1.283845
MacRitchie Reservoir Park,103.83359,1.341523
Singapore Botanic Gardens,103.816251,1.311048
Carpmael Road Open Space,103.898952,1.311502
Lembu Road Open Space,103.854776,1.309759
East Coast Park,103.920605,1.303169
Changi West Boardwalk,103.975878,1.390044
Sungei Buloh Wetland Reserve,103.735469,1.440211
Windsor Nature Park,103.826946,1.36003
Admiralty Park,103.782059,1.44417
Woodlands Town Garden,103.769934,1.437633
Pulau Ubin and Chek Jawa,103.96542,1.40869
Labrador Nature Reserve,103.803133,1.265761
Jurong Lake Gardens,103.731161,1.336057
Dairy Farm Nature Park,103.7764,1.364
Windsor Nature Park,103.826946,1.36003
Admiralty Park,103.782059,1.44417
Woodlands Town Garden,103.769934,1.437633
Pulau Ubin and Chek Jawa,103.96542,1.40869
Labrador Nature Reserve,103.803133,1.265761
Jurong Lake Gardens,103.7262,1.336057
Dairy Farm Nature Park,103.773908,1.362713
Zhenghua Nature Park,103.778349,1.367938
Bukit Batok Nature Park,103.7642,1.347544
West Coast Park,103.763,1.296153
Cashew Crescent Fitness Corner Playground,103.769495,1.372245
Fuyong Interim Park,103.768537,1.357409
Choa Chu Kang Park,103.748433,1.389139
Hazel Park Open Space,103.763645,1.371635
Jalan Mas Kuning Playground,103.763606,1.307808
Sunset Heights Open Space,103.768868,1.327945
Almond Crescent Playground,103.771884,1.373215
Phoenix Heights Playground,103.75724,1.37589
Lakeside Grove Playground,103.718594,1.340073
Yunnan Park,103.692902,1.337485
Bukit Batok Town Park,103.75607,1.357361
Jalan Remaja Interim Park,103.760776,1.357578
Parry Avenue Interim Park,103.881278,1.364073
Mei Hwan Crescent Playground,103.861743,1.352767
Pebble Garden,103.829489,1.450638
Kranji Nature Trail,103.733834,1.444351
Sembawang Park,103.836845,1.461503
Sengkang Riverside Park,103.884326,1.399448
Brooks Park,103.822723,1.405584
Punggol Waterway Park,103.9045,1.410997
MacPherson Linear Park,103.881706,1.333798
Ganges Avenue Open Space,103.831798,1.29076
Chempaka Avenue Playground,103.875616,1.331874
Geylang East Park,103.887659,1.321772
Fort Canning Park,103.846609,1.291778
Changi Beach Park,104.001675,1.383401
Jalan Chempaka Kuning Playground,103.950168,1.329746
Saraca Road Playground,103.858758,1.385943
Mimosa Walk Playground,103.86146,1.383105
Mera Terrace Playground,103.963506,1.347404
Jalan Angin Laut Playground,103.956225,1.337184
Sunrise Drive Playground 2,103.855252,1.390301
Lentor Road Playground,103.837572,1.388292
Pasir Ris Park,103.952173,1.378684
Loyang View Playground,103.965637,1.363039
Jalan Buloh Perindu Playground,103.919384,1.308483
Tanah Merah Playground,103.946876,1.329029
Luxus Hills Park,103.875186,1.379492
Banyan Villas Playground,103.838826,1.38725
Taman Kembangan Playground,103.914402,1.325003
Jalan Limau Manis Playground,103.949048,1.324728
Richards Avenue Park,103.882129,1.360929
Lorong Tanggam Park,103.873848,1.399035
Bougainvillea Park,103.807658,1.326716
Holland Green Playground,103.782814,1.326861
North Bridge Garden,103.862146,1.304109
Istana Park,103.843839,1.299264
Toa Payoh Town Park,103.847968,1.33058
Kim Seng Park,103.834957,1.29284
Mount Sinai Plain Playground,103.781222,1.315709
Thomson Park,103.834364,1.354291
Holland Grove View Playground,103.78123,1.312951
Dhoby Ghaut Green,103.845882,1.298343
Mount Emily Park,103.847462,1.304498
Chiltern Drive Interim Park,103.862006,1.348559
Kew Crescent Playground,103.948586,1.319188
Lentor Green Playground,103.837056,1.385286
Nim Crescent Open Space,103.866841,1.38308
Colchester Grove Open Space,103.867454,1.357585
Tavistock Avenue Park,103.865358,1.370207
Elite Terrace Park,103.924306,1.315599
Jalan Selaseh Playground,103.873382,1.385602
Jalan Geneng Interim Park,103.880875,1.353338
Kampong Glam Park,103.862996,1.302445
Clover Way Playground,103.845965,1.350138
Marine Parade Road Park,103.908132,1.304897
Butterfly Avenue Playground,103.877337,1.334434
Marymount Terrace Playground,103.840365,1.348953
Carmichael Road Playground,103.863115,1.342622
Greenridge Crescent Playground,103.765763,1.33428
Fulton Avenue Playground,103.833535,1.362119
Savoy Park Playground,103.769989,1.333438
Eng Kong Place Fitness Corner,103.767247,1.334739
Pandan Reservoir Fitness Corner,103.748696,1.317551
Bukit Timah Nature Reserve,103.774033,1.353199
Lakeside Grove Fitness Corner,103.71716,1.339804
Westwood Park Playground,103.701048,1.351772
Cashew Road Playground,103.764668,1.3706
The Inglewood Playground,103.830174,1.361014
Duchess Park,103.805479,1.32429
Clover Crescent Playground,103.844622,1.351062
Binchang Rise Playground,103.843548,1.348674
East Coast Terrace Park,103.923806,1.310996
Sennett Avenue Playground,103.936212,1.317013
Lucky Gardens Playground,103.941376,1.319287
Bedok Town Park,103.92087,1.334335
Lentor Grove Playground,103.838321,1.386379
Telok Kurau Lorong N Park,103.912805,1.310325
Dedap Place Playground,103.868413,1.387798
Chuan Walk Playground,103.867553,1.357222
Bedok Reservoir Park,103.92681,1.339094
Jalan Riang Playground,103.867396,1.347109
Cheng Soon Garden Playground,103.771683,1.335886
Jalan Tekukor Playground,103.766776,1.346138
Namly Park,103.796581,1.323299
Novena Rise Park,103.842728,1.324838
Hooper Road Playground,103.843204,1.312399
Chwee Chian Playground,103.788954,1.279207
Esplanade Park,103.853597,1.289417
Arthur Park,103.888214,1.303381
Katong Park,103.886367,1.297175
Meyer Road Playground,103.894197,1.298569
Thomson Road Playground,103.843852,1.316153
Jacob Ballas Children's Garden,103.817918,1.320695
Jupiter Road Playground,103.825161,1.35827
Gentle Drive Playground,103.840699,1.320361
Goldhill Avenue Playground,103.833174,1.321133
Pasir Panjang Park,103.792076,1.275699
Lorong 40 Geylang Playground,103.889369,1.31365
Grove Lane Playground,103.784206,1.313763
Orchard Fountain Corner,103.837611,1.301587
Holland Village Park,103.795544,1.31173
Waterboat House Garden,103.853473,1.28732
Rowell Road Open Space,103.854849,1.308422
Youth Olympic Park,103.860639,1.28849
Greenwood Crescent Playground,103.805487,1.335506
Berlayer Creek,103.802693,1.272365
Novena Park,103.842813,1.322313
Golden Rise Playground,103.764869,1.336324
Hoover Park,103.77304,1.343863
Tanjong Katong Road South Playground,103.897322,1.300174
Jalan Kebaya Playground,103.780246,1.314115
Shelford Road Playground,103.810509,1.328344
Malcolm Park,103.827058,1.322987
Telok Ayer Park,103.846687,1.278178
Aljunied Park,103.879963,1.329138
Jambol Place Park,103.790185,1.279026
Pearl's Hill City Park,103.8404,1.2836
Haig Walk,103.90074,1.306519
Jalan Pintau Playground,103.839945,1.354036
Joo Chiat Terrace Interim Park,103.901699,1.314408
Orchid Village Playground,103.801713,1.335704
Clementi Crescent Playground,103.77326,1.323104
Pemimpin Place Playground,103.84272,1.35337
Soo Chow Walk Playground,103.832028,1.353647
Highgate Walk Playground,103.765984,1.340516
Island Gardens Walk Playground,103.828439,1.361999
Marina Promenade,103.864679,1.290572
Ang Mo Kio Town Garden East,103.850286,1.370571
Holland Grove View Fitness Corner,103.782779,1.312483
Sixth Avenue Playground,103.791281,1.322436
War Memorial Park,103.854818,1.292825
Beng Wan Road Playground,103.865835,1.323806
Henry Park,103.783106,1.316235
Ang Mo Kio Town Garden West,103.842887,1.374025
Mayfair Park,103.780895,1.341396
Guillemard Road Open Space,103.892397,1.314551
Thomson Park Estate Interim Park,103.834035,1.356557
Bangsawan Park,103.923838,1.321208
Eastwood Park Playground,103.957616,1.323115
Watten Heights Playground,103.808987,1.331703
Taman Permata Park,103.835175,1.350156
Hua Guan Crescent Playground,103.78506,1.337011
Siang Kuang Avenue Interim Park,103.87305,1.329721
Somme Road Playground,103.858152,1.311484
Stamford Green,103.848861,1.295717
King's Drive  Playground,103.806056,1.31911
University Road Park,103.817666,1.325452
Greenleaf View Park Playground,103.788076,1.322288
Chestnut Nature Park,103.7789,1.3729
