LIC_NAME,STR_NAME,lng,lat
LI LI CHENG SUPERMARKET (PUNGGOL) PTE. LTD.,PUNGGOL PLACE,103.901262,1.402303
SHENG SIONG SUPERMARKET PTE LTD,UPPER BOON KENG ROAD,103.870914,1.314239
COLD STORAGE SINGAPORE (1983) PTE LTD,HOUGANG AVENUE 8,103.886366,1.373321
COLD STORAGE SINGAPORE (1983) PTE LTD,BEDOK RESERVOIR ROAD,103.914942,1.332959
YES SUPERMARKET PTE LTD,TAMPINES STREET 21,103.95301,1.353453
SUZYAMEER FROZEN PTE. LTD.,TAMPINES STREET 21,103.953586,1.352262
G8 MART PTE. LTD.,ANG MO KIO AVENUE 10,103.852967,1.365384
SHENG SIONG SUPERMARKET PTE LTD,ANG MO KIO AVENUE 3,103.836741,1.367549
PRIME SUPERMARKET (1996) PTE LTD,HOUGANG AVENUE 1,103.890681,1.353703
TAN KWEE ENG,YISHUN RING ROAD,103.842396,1.430071
SHENG SIONG SUPERMARKET PTE LTD,ANG MO KIO AVENUE 3,103.843413,1.370189
KAI SOON SUPERMARKET PTE. LTD.,YISHUN RING ROAD,103.832883,1.422139
COLD STORAGE SINGAPORE (1983) PTE LTD,SUNSET WAY,103.76726,1.32325
THE FISHWIVES PTE. LTD.,BUKIT TIMAH ROAD,103.814246,1.322573
PRIME SUPERMARKET LIMITED,UPPER ALJUNIED LANE,103.878746,1.334292
ABEDIN TRADING PTE. LTD.,GEYLANG ROAD,103.8867,1.314207
COLD STORAGE SINGAPORE (1983) PTE LTD,STADIUM WALK,103.876153,1.302222
COLD STORAGE SINGAPORE (1983) PTE LTD,THOMSON ROAD,103.843657,1.320211
SONG FISH DEALER PTE LTD,PETIR ROAD,103.762741,1.37835
THE SEAFOOD MARKET PLACE (BY SONG FISH) PTE. LTD.,WOODLANDS DRIVE 71,103.800701,1.439916
SHENG SIONG SUPERMARKET PTE LTD,JALAN BERSEH,103.857011,1.307785
COLD STORAGE SINGAPORE (1983) PTE LTD,TANGLIN ROAD,103.823853,1.304843
BLUEWATER SEAFOOD PTE. LTD.,DEMPSEY ROAD,103.809382,1.303446
WONS BUTCHERY PTE. LTD.,ST. MARTIN'S DRIVE,103.824464,1.30571
LITTLE FARMS PTE. LTD.,LORONG LIPUT,103.795246,1.310644
B & S MINI MART PTE. LTD.,GEYLANG ROAD,103.879622,1.312451
"CHEE MIN KUAN,  SIMON",TANJONG KATONG ROAD,103.896498,1.303734
JSJ CORPORATION PTE. LTD.,TANAH MERAH COAST ROAD,103.985869,1.318452
U STARS PTE. LTD.,ELIAS ROAD,103.941978,1.378602
LOTTE MART PTE. LTD.,LORONG KILAT,103.774213,1.340827
AJMAL TRADING GROUP PTE. LTD.,JALAN PAPAN,103.727481,1.322108
MURUGAN TRADERS PTE LTD,TRACTOR ROAD,103.7051,1.32492
SHENG SIONG SUPERMARKET PTE LTD,BUKIT BATOK WEST AVENUE 8,103.739303,1.355723
SHENG SIONG SUPERMARKET PTE LTD,WOODLANDS RISE,103.805488,1.446804
AJMAL TRADING GROUP PTE. LTD.,WOODLANDS SECTOR 2,103.809439,1.461526
SHENG SIONG SUPERMARKET PTE LTD,YISHUN AVENUE 4,103.843559,1.420156
PHAN NEE TRADING LLP,YISHUN AVENUE 7,103.83903,1.444341
HAO MART PTE. LTD.,PUNGGOL EAST,103.919353,1.399904
THE SEAFOOD MARKET PLACE (BY SONG FISH) PTE. LTD.,PUNGGOL DRIVE,103.913196,1.402878
COLD STORAGE SINGAPORE (1983) PTE LTD,ANG MO KIO AVENUE 10,103.853891,1.372646
PAN PACIFIC INTERNATIONAL HOLDINGS PTE. LTD.,TRAS STREET,103.843471,1.274588
COLD STORAGE SINGAPORE (1983) PTE LTD,JOO CHIAT ROAD,103.902232,1.309822
SHENG SIONG SUPERMARKET PTE LTD,EDGEDALE PLAINS,103.91652,1.402622
VIVA CORP SERVICES PTE. LTD.,KAKI BUKIT ROAD 3,103.903735,1.337339
SWISS BUTCHERY (2013) PRIVATE LIMITED,GREENWOOD AVENUE,103.806587,1.331761
ROSWELL ENTERPRISE PTE LTD,GREENWOOD AVENUE,103.806492,1.331832
T S J INDUSTRIAL (S) PTE. LTD.,TOH GUAN ROAD EAST,103.754341,1.336831
COLD STORAGE SINGAPORE (1983) PTE LTD,MARINE PARADE ROAD,103.905114,1.301191
COLD STORAGE SINGAPORE (1983) PTE LTD,KALLANG AVENUE,103.864102,1.309742
COLD STORAGE SINGAPORE (1983) PTE LTD,TANJONG KATONG ROAD,103.894481,1.314692
COLD STORAGE SINGAPORE (1983) PTE LTD,WEST COAST ROAD,103.765285,1.303583
COLD STORAGE SINGAPORE (1983) PTE LTD,VISTA EXCHANGE GREEN,103.788215,1.306849
FOODIE MARKET PLACE PTE. LTD.,OUTRAM ROAD,103.835371,1.283451
MUSTAFA HOLDINGS PTE LTD,SYED ALWI ROAD,103.855702,1.309753
SUPERNATURE PTE LTD,ORCHARD ROAD,103.828509,1.306196
HUBER'S PTE. LTD.,DEMPSEY ROAD,103.810186,1.306792
MEAT THE BUTCHER PTE. LTD.,BUKIT TIMAH ROAD,103.809358,1.324374
YEO KENG GUAN,RIDGEWOOD CLOSE,103.778947,1.316619
COLD STORAGE SINGAPORE (1983) PTE LTD,HOLLAND ROAD,103.785841,1.317562
COLD STORAGE SINGAPORE (1983) PTE LTD,GREENWOOD AVENUE,103.806809,1.331491
COLD STORAGE SINGAPORE (1983) PTE LTD,YISHUN STREET 22,103.836724,1.435761
CHD @ SOON LEE PTE. LTD.,SOON LEE ROAD,103.69907,1.332123
SHENG SIONG SUPERMARKET PTE LTD,YUAN CHING ROAD,103.725222,1.325468
MD SYDUR RAHMAN,TUAS SOUTH STREET 5,103.626729,1.295014
7SEVEN PTE. LTD.,NORTH COAST AVENUE,103.786437,1.45606
COLD STORAGE SINGAPORE (1983) PTE LTD,FUSIONOPOLIS WAY,103.787404,1.299294
SHENG SIONG SUPERMARKET PTE LTD,CANBERRA STREET,103.832393,1.448864
U STARS PTE. LTD.,WOODLANDS DRIVE 73,103.806198,1.44063
SHENG SIONG SUPERMARKET PTE LTD,ANCHORVALE CRESCENT,103.889654,1.399229
SHENG SIONG SUPERMARKET PTE LTD,FERNVALE LINK,103.879872,1.391587
BHANDARI INTERNATIONAL PTE. LTD.,WOODLANDS INDUSTRIAL PARK E5 (PART OF),103.791095,1.451325
SHENG SIONG SUPERMARKET PTE LTD,WOODLANDS STREET 12,103.779747,1.433513
WAN SIEW YOONG,SAGO LANE,103.842908,1.281801
HAO MART PTE. LTD.,JALAN TENTERAM,103.859813,1.328212
MCP FAIRMART PTE LTD,BUKIT BATOK STREET 31,103.750695,1.359259
HAO MART PTE. LTD.,JALAN BUKIT MERAH,103.830811,1.277849
PAN PACIFIC INTERNATIONAL HOLDINGS PTE. LTD.,ORCHARD ROAD,103.839435,1.300839
COLD STORAGE SINGAPORE (1983) PTE LTD,PAYA LEBAR ROAD,103.892551,1.318676
COLD STORAGE SINGAPORE (1983) PTE LTD,ALEXANDRA ROAD,103.80501,1.288615
COLD STORAGE SINGAPORE (1983) PTE LTD,YISHUN AVENUE 2,103.835776,1.429698
COLD STORAGE SINGAPORE (1983) PTE LTD,HOUGANG STREET 21,103.88508,1.359497
SHENG SIONG SUPERMARKET PTE LTD,CLEMENTI WEST STREET 2,103.763751,1.302464
PRIME SUPERMARKET LIMITED,KING GEORGE'S AVENUE,103.860913,1.308365
PRIME SUPERMARKET LIMITED,TAMPINES STREET 81,103.93401,1.348733
COLD STORAGE SINGAPORE (1983) PTE LTD,TAMPINES STREET 81,103.934913,1.349224
COLD STORAGE SINGAPORE (1983) PTE LTD,WOODLANDS SQUARE,103.785689,1.436008
COLD STORAGE SINGAPORE (1983) PTE LTD,WOODLANDS DRIVE 44,103.793416,1.43084
LIN POH LING,LORONG 8 TOA PAYOH,103.854334,1.340643
COLD STORAGE SINGAPORE (1983) PTE LTD,SERANGOON CENTRAL,103.871862,1.350676
COLD STORAGE SINGAPORE (1983) PTE LTD,VICTORIA STREET,103.855787,1.300142
NAWAS GLOBAL PTE. LTD.,TUAS SOUTH STREET 12,103.633512,1.271642
SADIA MINIMART PTE LTD,MANDAI ESTATE,103.759406,1.40853
MEIDI-YA SINGAPORE CO (PTE) LTD,RIVER VALLEY ROAD,103.844586,1.291515
IROHA INTERNATIONAL PTE. LTD.,ORCHARD ROAD,103.845048,1.300748
COLD STORAGE SINGAPORE (1983) PTE LTD,CLEMENCEAU AVENUE,103.842561,1.29226
LITTLE FARMS PTE. LTD.,RIVER VALLEY ROAD,103.826941,1.293018
SHENG SIONG SUPERMARKET PTE LTD,TEBAN GARDENS ROAD,103.738293,1.322136
PHAN NEE INVESTMENTS (S) PTE LTD,OLD CHOA CHU KANG ROAD,103.718404,1.377611
COLD STORAGE SINGAPORE (1983) PTE LTD,UPPER CHANGI ROAD,103.946201,1.331776
RAW MARKET PTE. LTD.,PASIR RIS LINK,103.96084,1.375588
THE BUTCHER (SINGAPORE) PTE. LTD.,JALAN MERAH SAGA,103.796844,1.311922
HAO MART PTE. LTD.,YISHUN RING ROAD,103.839685,1.433595
SEOUL BUTCHERY PTE. LTD.,YUK TONG AVENUE,103.774633,1.342075
V SURESH KUMAR,ADMIRALTY ROAD WEST - LODGE 1,103.820073,1.459828
COLD STORAGE SINGAPORE (1983) PTE LTD,TURF CLUB ROAD,103.793134,1.338995
HAO MART PTE. LTD.,GEYLANG ROAD,103.883647,1.313175
COLD STORAGE SINGAPORE (1983) PTE LTD,ORCHARD ROAD,103.83524,1.303723
COLD STORAGE SINGAPORE (1983) PTE LTD,STRAITS VIEW,103.852845,1.277372
COLD STORAGE SINGAPORE (1983) PTE LTD,ORCHARD ROAD,103.845048,1.300748
COLD STORAGE SINGAPORE (1983) PTE LTD,KIM SENG PROMENADE,103.831758,1.293802
POPULAR SUPERMARKET PTE LTD,TUAS SOUTH STREET 13,103.634164,1.27031
SADIA SUPERMARKET & TRADING (S) PTE. LTD.,TUAS SOUTH STREET 13,103.634164,1.27031
COLD STORAGE SINGAPORE (1983) PTE LTD,OCEAN WAY,103.841921,1.247759
COLD STORAGE SINGAPORE (1983) PTE LTD,BUKIT TIMAH ROAD,103.827346,1.319436
COLD STORAGE SINGAPORE (1983) PTE LTD,JELAPANG ROAD,103.766171,1.385296
COLD STORAGE SINGAPORE (1983) PTE LTD,BISHAN STREET 13,103.849882,1.349622
NTUC FAIRPRICE CO-OPERATIVE LTD,LORONG 4 TOA PAYOH,103.850483,1.331662
NTUC FAIRPRICE CO-OPERATIVE LTD,TAMPINES STREET 44,103.953126,1.360323
NTUC FAIRPRICE CO-OPERATIVE LTD,TAMPINES STREET 11,103.948129,1.348371
NTUC FAIRPRICE CO-OPERATIVE LTD,RIVERVALE CRESCENT,103.904472,1.392198
NTUC FAIRPRICE CO-OPERATIVE LTD,RIVERVALE DRIVE,103.901558,1.384932
NTUC FAIRPRICE CO-OPERATIVE LTD,UPPER THOMSON ROAD,103.83092,1.354669
NTUC FAIRPRICE CO-OPERATIVE LTD,LORONG 6 TOA PAYOH,103.84705,1.332965
NTUC FAIRPRICE CO-OPERATIVE LTD,LENGKONG TIGA,103.91069,1.323977
NTUC FAIRPRICE CO-OPERATIVE LTD,BISHAN STREET 24,103.843785,1.357223
NTUC FAIRPRICE CO-OPERATIVE LTD,PASIR RIS STREET 72,103.936208,1.379768
NTUC FAIRPRICE CO-OPERATIVE LTD,JOO CHIAT ROAD,103.898765,1.31554
NTUC FAIRPRICE CO-OPERATIVE LTD,JALAN TIGA,103.884764,1.307827
NTUC FAIRPRICE CO-OPERATIVE LTD,AIRPORT BOULEVARD,103.98517,1.354371
NTUC FAIRPRICE CO-OPERATIVE LTD,EUNOS CRESCENT,103.903266,1.32119
NTUC FAIRPRICE CO-OPERATIVE LTD,SERANGOON CENTRAL,103.871862,1.350676
NTUC FAIRPRICE CO-OPERATIVE LTD,BEDOK NORTH STREET 4,103.938051,1.332335
NTUC FAIRPRICE CO-OPERATIVE LTD,GEYLANG ROAD,103.888545,1.31415
NTUC FAIRPRICE CO-OPERATIVE LTD,CHANGI BUSINESS PARK CENTRAL 1,103.962389,1.334325
NTUC FAIRPRICE CO-OPERATIVE LTD,CHANGI BUSINESS PARK AVENUE 1,103.963654,1.33492
NTUC FAIRPRICE CO-OPERATIVE LTD,NEW UPPER CHANGI ROAD,103.929268,1.324772
NTUC FAIRPRICE CO-OPERATIVE LTD,NEW UPPER CHANGI ROAD,103.941569,1.324246
NTUC FAIRPRICE CO-OPERATIVE LTD,AIRPORT BOULEVARD,103.988751,1.355191
NTUC FAIRPRICE CO-OPERATIVE LTD,EAST COAST ROAD,103.90285,1.30385
NTUC FAIRPRICE CO-OPERATIVE LTD,POTONG PASIR AVENUE 2,103.867037,1.332536
NTUC FAIRPRICE CO-OPERATIVE LTD,STADIUM PLACE,103.872751,1.303843
NTUC FAIRPRICE CO-OPERATIVE LTD,SIMEI STREET 6,103.953025,1.342706
NTUC FAIRPRICE CO-OPERATIVE LTD,MACPHERSON ROAD,103.879295,1.331771
NTUC FAIRPRICE CO-OPERATIVE LTD,TAI SENG STREET,103.888763,1.336539
NTUC FAIRPRICE CO-OPERATIVE LTD,EUNOS ROAD 8,103.894731,1.318869
JMD RETAIL PTE. LTD.,TANJONG KATONG ROAD,103.896327,1.304164
NTUC FAIRPRICE CO-OPERATIVE LTD,DEPOT ROAD,103.810031,1.281122
COLD STORAGE SINGAPORE (1983) PTE LTD,HARBOURFRONT WALK,103.821589,1.263896
NTUC FAIRPRICE CO-OPERATIVE LTD,DOVER CRESCENT,103.781697,1.304764
NTUC FAIRPRICE CO-OPERATIVE LTD,TECK WHYE LANE,103.753118,1.380031
NTUC FAIRPRICE CO-OPERATIVE LTD,JURONG WEST CENTRAL 3,103.705351,1.339315
NTUC FAIRPRICE CO-OPERATIVE LTD,CHOA CHU KANG NORTH 6,103.746558,1.397302
NTUC FAIRPRICE CO-OPERATIVE LTD,CHOA CHU KANG DRIVE,103.74733,1.397129
LAMIAH ENTERPRISE PTE. LTD.,TECH PARK CRESCENT,103.63034,1.311468
NTUC FAIRPRICE CO-OPERATIVE LTD,COMMONWEALTH AVENUE WEST,103.764248,1.314853
NTUC FAIRPRICE CO-OPERATIVE LTD,TELOK BLANGAH STREET 32,103.808935,1.273383
NTUC FAIRPRICE CO-OPERATIVE LTD,ALEXANDRA ROAD,103.801127,1.273677
NTUC FAIRPRICE CO-OPERATIVE LTD,JURONG EAST CENTRAL 1,103.740177,1.333268
NTUC FAIRPRICE CO-OPERATIVE LTD,CLEMENTI AVENUE 2,103.771351,1.314279
NTUC FAIRPRICE CO-OPERATIVE LTD,JURONG WEST STREET 41,103.724307,1.348333
NTUC FAIRPRICE CO-OPERATIVE LTD,WEST COAST DRIVE,103.759081,1.311886
NTUC FAIRPRICE CO-OPERATIVE LTD,LOWER KENT RIDGE ROAD,103.784084,1.292774
NTUC FAIRPRICE CO-OPERATIVE LTD,BUKIT BATOK EAST AVENUE 3,103.757045,1.347701
NTUC FAIRPRICE CO-OPERATIVE LTD,JURONG GATEWAY ROAD,103.74317,1.3332
NTUC FAIRPRICE CO-OPERATIVE LTD,BUKIT BATOK WEST AVENUE 7,103.746847,1.366507
SHINVA AGRO FOODS PTE. LTD.,TECH PARK CRESCENT,103.631572,1.311002
NTUC FAIRPRICE CO-OPERATIVE LTD,JOO KOON CIRCLE,103.678096,1.324607
SHINVA AGRO FOODS PTE. LTD.,TUAS VIEW WALK 1,103.627789,1.300911
NTUC FAIRPRICE CO-OPERATIVE LTD,CHOA CHU KANG STREET 51,103.7431,1.392074
NTUC FAIRPRICE CO-OPERATIVE LTD,TEBAN GARDENS ROAD,103.742652,1.32052
PHAN NEE INVESTMENTS (S) PTE LTD,OLD CHOA CHU KANG ROAD,103.720857,1.371933
NTUC FAIRPRICE CO-OPERATIVE LTD,JURONG EAST STREET 24,103.739199,1.342591
THE QUALITYMART DEPOT PTE. LTD.,DEPOT ROAD,103.803024,1.282201
COLD STORAGE SINGAPORE (1983) PTE LTD,STUDENTS WALK,103.685418,1.348134
SHENG SIONG SUPERMARKET PTE LTD,BUKIT BATOK WEST AVENUE 6,103.743948,1.353038
HONESTBEE PTE. LTD.,BOON LEAT TERRACE,103.797187,1.276045
NTUC FAIRPRICE CO-OPERATIVE LTD,TIONG BAHRU ROAD,103.826935,1.286463
NTUC FAIRPRICE CO-OPERATIVE LTD,BUKIT MERAH CENTRAL,103.817643,1.28312
NTUC FAIRPRICE CO-OPERATIVE LTD,BALESTIER ROAD,103.851056,1.325127
NTUC FAIRPRICE CO-OPERATIVE LTD,HAVELOCK ROAD,103.826794,1.289778
NTUC FAIRPRICE CO-OPERATIVE LTD,TANJONG PAGAR PLAZA,103.843006,1.276241
NTUC FAIRPRICE CO-OPERATIVE LTD,KILLINEY ROAD,103.838534,1.297275
NTUC FAIRPRICE CO-OPERATIVE LTD,JELEBU ROAD,103.763994,1.380542
NTUC FAIRPRICE CO-OPERATIVE LTD,SEMBAWANG DRIVE,103.819462,1.448227
NTUC FAIRPRICE CO-OPERATIVE LTD,WOODLANDS AVENUE 3,103.774051,1.432626
NTUC FAIRPRICE CO-OPERATIVE LTD,WOODLANDS DRIVE 50,103.795136,1.437557
NTUC FAIRPRICE CO-OPERATIVE LTD,YISHUN RING ROAD,103.846596,1.424528
NTUC FAIRPRICE CO-OPERATIVE LTD,WOODLANDS AVENUE 1,103.781137,1.429195
NTUC FAIRPRICE CO-OPERATIVE LTD,YISHUN AVENUE 2,103.834995,1.429525
NTUC FAIRPRICE CO-OPERATIVE LTD,YISHUN RING ROAD,103.835218,1.416983
NTUC FAIRPRICE CO-OPERATIVE LTD,SENJA ROAD,103.760218,1.385096
NTUC FAIRPRICE CO-OPERATIVE LTD,ANG MO KIO AVENUE 1,103.841624,1.366558
NTUC FAIRPRICE CO-OPERATIVE LTD,ORCHID CLUB ROAD,103.84404,1.411036
NTUC FAIRPRICE CO-OPERATIVE LTD,BUKIT TIMAH ROAD,103.81,1.323835
NTUC FAIRPRICE CO-OPERATIVE LTD,CLEMENTI AVENUE 3,103.765477,1.312483
NTUC FAIRPRICE CO-OPERATIVE LTD,JALAN ANAK BUKIT,103.77856,1.338657
NTUC FAIRPRICE CO-OPERATIVE LTD,JURONG EAST STREET 13,103.739371,1.333753
NTUC FAIRPRICE CO-OPERATIVE LTD,JURONG WEST CENTRAL 2,103.706461,1.33983
NTUC FAIRPRICE CO-OPERATIVE LTD,YUNG KUANG ROAD,103.722453,1.332059
NTUC FAIRPRICE CO-OPERATIVE LTD,YUNG SHENG ROAD,103.720268,1.335042
NTUC FAIRPRICE CO-OPERATIVE LTD,BUKIT BATOK WEST AVENUE 8,103.742808,1.347162
NTUC FAIRPRICE CO-OPERATIVE LTD,BUKIT BATOK CENTRAL,103.749335,1.348711
NTUC FAIRPRICE CO-OPERATIVE LTD,JURONG EAST STREET 31,103.731219,1.345512
NTUC FAIRPRICE CO-OPERATIVE LTD,DAWSON ROAD,103.810959,1.292703
SHENG SIONG SUPERMARKET PTE LTD,SERANGOON NORTH AVENUE 5,103.871996,1.375635
NTUC FAIRPRICE CO-OPERATIVE LTD,KALLANG BAHRU,103.87039,1.320993
NTUC FAIRPRICE CO-OPERATIVE LTD,JALAN BUKIT MERAH,103.808242,1.286454
NTUC FAIRPRICE CO-OPERATIVE LTD,RIVER VALLEY ROAD,103.826941,1.293018
NTUC FAIRPRICE CO-OPERATIVE LTD,SINARAN DRIVE,103.843892,1.32043
NTUC FAIRPRICE CO-OPERATIVE LTD,ANG MO KIO AVENUE 3,103.848399,1.369249
NTUC FAIRPRICE CO-OPERATIVE LTD,CAMBRIDGE ROAD,103.849435,1.315363
NTUC FAIRPRICE CO-OPERATIVE LTD,UPPER BOON KENG ROAD,103.872542,1.312655
NTUC FAIRPRICE CO-OPERATIVE LTD,KIM TIAN ROAD,103.829298,1.284807
NTUC FAIRPRICE CO-OPERATIVE LTD,LORONG LIMAU,103.855671,1.323796
NTUC FAIRPRICE CO-OPERATIVE LTD,KITCHENER ROAD,103.856487,1.311393
NTUC FAIRPRICE CO-OPERATIVE LTD,SILAT AVENUE,103.831426,1.277077
"JEWISH WELFARE BOARD, SINGAPORE, THE",WATERLOO STREET,103.8506,1.298273
NTUC FAIRPRICE CO-OPERATIVE LTD,SCOTTS ROAD,103.832984,1.305856
NTUC FAIRPRICE CO-OPERATIVE LTD,ANG MO KIO AVENUE 6,103.847083,1.371409
NTUC FAIRPRICE CO-OPERATIVE LTD,TRAS STREET,103.843471,1.274588
NTUC FAIRPRICE CO-OPERATIVE LTD,AH HOOD ROAD,103.846476,1.327085
NTUC FAIRPRICE CO-OPERATIVE LTD,JALAN KAYU,103.872491,1.392138
COLD STORAGE SINGAPORE (1983) PTE LTD,TEMASEK BOULEVARD,103.857676,1.294879
NTUC FAIRPRICE CO-OPERATIVE LTD,FRENCH ROAD,103.861312,1.308806
COLD STORAGE SINGAPORE (1983) PTE LTD,ENGGOR STREET,103.84432,1.274618
NTUC FAIRPRICE CO-OPERATIVE LTD,SENGKANG WEST AVENUE,103.876068,1.391393
NTUC FAIRPRICE CO-OPERATIVE LTD,SENGKANG EAST AVENUE,103.892996,1.386218
NTUC FAIRPRICE CO-OPERATIVE LTD,LENGKOK BAHRU,103.813766,1.28668
NTUC FAIRPRICE CO-OPERATIVE LTD,ANG MO KIO AVENUE 10,103.856397,1.370895
NTUC FAIRPRICE CO-OPERATIVE LTD,SIN MING AVENUE,103.835445,1.363216
NTUC FAIRPRICE CO-OPERATIVE LTD,BENDEMEER ROAD,103.863905,1.319093
NTUC FAIRPRICE CO-OPERATIVE LTD,LORONG 4 TOA PAYOH,103.848993,1.338891
SF (313) PTE. LTD.,TEMASEK BOULEVARD,103.857676,1.294879
YOUR GROCER PRIVATE LIMITED,JALAN BUKIT HO SWEE,103.827081,1.288077
COLD STORAGE SINGAPORE (1983) PTE LTD,MARINA BOULEVARD,103.853349,1.280228
PAN PACIFIC INTERNATIONAL HOLDINGS PTE. LTD.,KITCHENER ROAD,103.856487,1.311393
NTUC FAIRPRICE CO-OPERATIVE LTD,ALJUNIED AVENUE 2,103.886673,1.321766
NTUC FAIRPRICE CO-OPERATIVE LTD,BEDOK NORTH STREET 1,103.93164,1.325941
NTUC FAIRPRICE CO-OPERATIVE LTD,SERANGOON NORTH AVENUE 1,103.873036,1.369799
NTUC FAIRPRICE CO-OPERATIVE LTD,MARINE PARADE CENTRAL,103.907113,1.30142
NTUC FAIRPRICE CO-OPERATIVE LTD,EAST COAST ROAD,103.925235,1.312308
NTUC FAIRPRICE CO-OPERATIVE LTD,CIRCUIT ROAD,103.88535,1.328557
NTUC FAIRPRICE CO-OPERATIVE LTD,EAST COAST ROAD,103.907989,1.308362
NTUC FAIRPRICE CO-OPERATIVE LTD,BOON LAY PLACE,103.712429,1.346348
NTUC FAIRPRICE CO-OPERATIVE LTD,CHOA CHU KANG AVENUE 4,103.74495,1.385068
NTUC FAIRPRICE CO-OPERATIVE LTD,TAMPINES STREET 11,103.945344,1.345281
NTUC FAIRPRICE CO-OPERATIVE LTD,PUNGGOL FIELD,103.912976,1.394184
NTUC FAIRPRICE CO-OPERATIVE LTD,TAMPINES STREET 83,103.934315,1.355422
NTUC FAIRPRICE CO-OPERATIVE LTD,PASIR RIS CLOSE,103.953599,1.377141
NTUC FAIRPRICE CO-OPERATIVE LTD,COMPASSVALE LINK,103.893608,1.382337
COLD STORAGE SINGAPORE (1983) PTE LTD,TAMPINES CENTRAL 1,103.945019,1.354316
NTUC FAIRPRICE CO-OPERATIVE LTD,HOUGANG AVENUE 10,103.894165,1.37178
NTUC FAIRPRICE CO-OPERATIVE LTD,MAJU AVENUE,103.865042,1.365161
NTUC FAIRPRICE CO-OPERATIVE LTD,PUNGGOL DRIVE,103.908666,1.40461
NTUC FAIRPRICE CO-OPERATIVE LTD,UPPER SERANGOON VIEW,103.903713,1.37743
NTUC FAIRPRICE CO-OPERATIVE LTD,TAMPINES AVENUE 4,103.939684,1.353496
U STARS SUPERMARKET PTE. LTD.,TAMPINES AVENUE 8,103.929364,1.351264
NTUC FAIRPRICE CO-OPERATIVE LTD,TAMPINES STREET 86,103.931624,1.355243
NTUC FAIRPRICE CO-OPERATIVE LTD,PUNGGOL DRIVE,103.913196,1.402878
NTUC FAIRPRICE CO-OPERATIVE LTD,SOUTH WOODLANDS DRIVE,103.78662,1.435078
NTUC FAIRPRICE CO-OPERATIVE LTD,CANBERRA ROAD,103.819543,1.453845
NTUC FAIRPRICE CO-OPERATIVE LTD,SEMBAWANG WAY,103.818641,1.449566
NTUC FAIRPRICE CO-OPERATIVE LTD,HOLLAND DRIVE,103.792547,1.309182
SHENG SIONG SUPERMARKET PTE LTD,WOODLANDS ROAD,103.760042,1.380605
NTUC FAIRPRICE CO-OPERATIVE LTD,WOODLANDS AVENUE 1,103.790454,1.431064
NTUC FAIRPRICE CO-OPERATIVE LTD,PETIR ROAD,103.762741,1.37835
CUTECH GREEN VENTURES PTE. LTD.,WOODLANDS INDUSTRIAL PARK E1,103.795682,1.453344
NTUC FAIRPRICE CO-OPERATIVE LTD,NORTHPOINT DRIVE,103.836142,1.428
NTUC FAIRPRICE CO-OPERATIVE LTD,WOODLANDS DRIVE 71,103.800701,1.439916
NTUC FAIRPRICE CO-OPERATIVE LTD,GHIM MOH LINK,103.784598,1.308493
NTUC FAIRPRICE CO-OPERATIVE LTD,YISHUN RING ROAD,103.841236,1.417999
SHENG SIONG SUPERMARKET PTE LTD,WOODLANDS DRIVE 16,103.798508,1.431098
NTUC FAIRPRICE CO-OPERATIVE LTD,BISHAN STREET 13,103.849692,1.348888
NTUC FAIRPRICE CO-OPERATIVE LTD,BISHAN PLACE,103.848478,1.350239
NTUC FAIRPRICE CO-OPERATIVE LTD,HOUGANG AVENUE 10,103.893662,1.372312
NTUC FAIRPRICE CO-OPERATIVE LTD,HOUGANG AVENUE 4,103.885749,1.373618
NTUC FAIRPRICE CO-OPERATIVE LTD,HOUGANG STREET 21,103.884038,1.357576
NTUC FAIRPRICE CO-OPERATIVE LTD,HOUGANG STREET 91,103.87945,1.375667
NTUC FAIRPRICE CO-OPERATIVE LTD,PASIR RIS CENTRAL STREET 3,103.949716,1.37245
NTUC FAIRPRICE CO-OPERATIVE LTD,TAMPINES CENTRAL 5,103.944388,1.352672
NTUC FAIRPRICE CO-OPERATIVE LTD,BEDOK RESERVOIR ROAD,103.921775,1.337405
SONG FISH DEALER PTE LTD,CHAI CHEE ROAD,103.922103,1.323652
U STARS PTE. LTD.,YISHUN AVENUE 4,103.83983,1.415176
SHENG SIONG SUPERMARKET PTE LTD,TANGLIN HALT ROAD,103.798022,1.302038
L M MEAT PTE. LTD.,CHAI CHEE ROAD,103.922103,1.323652
SHENG SIONG SUPERMARKET PTE LTD,PASIR RIS STREET 21,103.964618,1.367001
OH BENG GUAN,BUKIT BATOK WEST AVENUE 5,103.751896,1.363938
IROHA INTERNATIONAL PTE. LTD.,NEW BRIDGE ROAD,103.844697,1.284999
COLD STORAGE SINGAPORE (1983) PTE LTD,ANG MO KIO STREET 31,103.847677,1.364625
COLD STORAGE SINGAPORE (1983) PTE LTD,SELETAR ROAD,103.869136,1.387395
COLD STORAGE SINGAPORE (1983) PTE LTD,EAST COAST ROAD,103.905015,1.305235
CULINA PTE LTD,DEMPSEY ROAD,103.809526,1.304175
COLD STORAGE SINGAPORE (1983) PTE LTD,LORONG 4 TOA PAYOH,103.850978,1.333622
COLD STORAGE SINGAPORE (1983) PTE LTD,REDHILL CLOSE,103.818674,1.28692
SHENG SIONG SUPERMARKET PTE LTD,NEW UPPER CHANGI ROAD,103.931069,1.324636
PRIME SUPERMARKET LIMITED,WOODLANDS AVENUE 6,103.801293,1.439984
NG TOH TET,JURONG WEST AVENUE 1,103.719496,1.351518
HAO MART PTE. LTD.,POTONG PASIR AVENUE 1,103.863388,1.335454
CHUA & NG PTE. LTD.,BEDOK RESERVOIR ROAD,103.914145,1.332051
LOCH GROCER PTE. LTD.,JURONG WEST AVENUE 1,103.717705,1.349955
TANESEI TRADING PTE. LTD.,VISTA EXCHANGE GREEN,103.788215,1.306849
ARCHANA SUPERMARKET PTE. LTD.,JALAN PAPAN,103.726723,1.320484
COLD STORAGE SINGAPORE (1983) PTE LTD,ADMIRALTY DRIVE,103.814111,1.450009
COLD STORAGE SINGAPORE (1983) PTE LTD,UPPER BUKIT TIMAH ROAD,103.776251,1.342393
COLD STORAGE SINGAPORE (1983) PTE LTD,DUNEARN ROAD,103.783709,1.336676
ISETAN (SINGAPORE) LIMITED?,GATEWAY DRIVE,103.742586,1.334025
COLD STORAGE SINGAPORE (1983) PTE LTD,JURONG WEST STREET 61,103.69702,1.341591
PRIME SUPERMARKET LIMITED,JURONG WEST STREET 75,103.698292,1.348726
SHENG SIONG SUPERMARKET PTE LTD,BUKIT BATOK WEST AVENUE 8,103.743698,1.347372
COLD STORAGE SINGAPORE (1983) PTE LTD,BUKIT BATOK CENTRAL LINK,103.749022,1.350189
TANESEI RETAILING PTE. LTD.,TAMPINES CENTRAL 5,103.943785,1.352361
LITTLE FARMS PTE. LTD.,WALLICH STREET,103.845155,1.276725
MAHOTA FOOD PTE. LTD.,TAMPINES CENTRAL 5,103.943785,1.352361
SONG FISH DEALER PTE LTD,TAMPINES CENTRAL 5,103.943785,1.352361
SHENG SIONG SUPERMARKET PTE LTD,GHIM MOH LINK,103.786049,1.308119
SHENG SIONG SUPERMARKET PTE LTD,ANG MO KIO DRIVE,103.856412,1.377892
ISYMI PTE LTD,JALAN PELIKAT,103.887857,1.355309
THE SEAFOOD MARKET PLACE (BY SONG FISH) PTE. LTD.,TANJONG KATONG ROAD,103.894481,1.314692
TOH GUAN MINI MART PTE LTD,TOH GUAN ROAD EAST,103.753536,1.338327
KADER HASNA MARICAN,KIAN TECK LANE,103.695248,1.333146
TANG KER AN. TIMOTHY,BEDOK SOUTH ROAD,103.934734,1.320625
COLD STORAGE SINGAPORE (1983) PTE LTD,BANGKIT ROAD,103.772937,1.379048
MM SUNDRY SHOP PTE.LTD.,WOODLANDS SECTOR 1,103.804477,1.454647
AL MARCHE PTE LTD,MARINA BOULEVARD,103.852659,1.280769
COLD STORAGE SINGAPORE (1983) PTE LTD,FIFTH AVENUE,103.795692,1.330817
COLD STORAGE SINGAPORE (1983) PTE LTD,HOLLAND AVENUE,103.79535,1.310255
THE ALASKA GUYS PTE. LTD.,TELOK KURAU ROAD,103.911186,1.312122
COLD STORAGE SINGAPORE (1983) PTE LTD,WOODLANDS AVENUE 7,103.800978,1.440538
SONG FISH DEALER PTE LTD,YISHUN AVENUE 2,103.835776,1.429698
SHENG SIONG SUPERMARKET PTE LTD,SEGAR ROAD,103.769575,1.38824
SHENG SIONG SUPERMARKET PTE LTD,FERNVALE STREET,103.881699,1.397799
COLD STORAGE SINGAPORE (1983) PTE LTD,PUNGGOL CENTRAL,103.910537,1.400531
COLD STORAGE SINGAPORE (1983) PTE LTD,JALAN MEMBINA,103.825596,1.282634
COLD STORAGE SINGAPORE (1983) PTE LTD,HILLVIEW RISE,103.764173,1.362675
COLD STORAGE SINGAPORE (1983) PTE LTD,GEYLANG ROAD,103.894289,1.316545
TANESEI RETAILING PTE. LTD.,EAST COAST ROAD,103.905015,1.305235
SHENG SIONG SUPERMARKET PTE LTD,FAJAR ROAD,103.77103,1.384006
COLD STORAGE SINGAPORE (1983) PTE LTD,CHOA CHU KANG AVENUE 3,103.738932,1.378056
U STARS PTE. LTD.,CHOA CHU KANG AVENUE 7,103.74616,1.374058
FORTUNE SUPERMARKET PTE. LTD.,WOODLANDS CRESCENT,103.801057,1.448342
HAO MART PTE. LTD.,CANBERRA LINK,103.822535,1.450262
U STARS SUPERMARKET PTE. LTD.,SUMANG WALK,103.895387,1.403227
SHENG SIONG SUPERMARKET PTE LTD,PUNGGOL CENTRAL,103.906138,1.403719
ANG MO SUPERMARKET PTE LTD,PUNGGOL DRIVE,103.916055,1.399461
COLD STORAGE SINGAPORE (1983) PTE LTD,EDGEFIELD PLAINS,103.911991,1.40566
SHENG SIONG SUPERMARKET PTE LTD,JALAN BERSEH,103.857011,1.307785
SWISS BUTCHERY PTE LTD,TANGLIN ROAD,103.822963,1.305612
COLD STORAGE SINGAPORE (1983) PTE LTD,BUKIT TIMAH ROAD,103.814246,1.322573
CP MANAGEMENT SERVICES PRIVATE LIMITED,TANAH MERAH COAST ROAD,104.003578,1.326744
VINAYAK TRADERS PTE. LTD.,PENJURU WALK,103.732882,1.319238
TASTE (SINGAPORE) PRIVATE LIMITED,HOLLAND AVENUE,103.796105,1.31053
SHENG SIONG SUPERMARKET PTE LTD,YISHUN AVENUE 9,103.841601,1.433032
PRIME SUPERMARKET (1996) PTE LTD,CHOA CHU KANG AVENUE 1,103.744383,1.37744
CAVEMEN PTE. LTD.,JALAN DUSUN,103.843674,1.326965
COLD STORAGE SINGAPORE (1983) PTE LTD,ORCHARD ROAD,103.828164,1.307669
COLD STORAGE SINGAPORE (1983) PTE LTD,ORCHARD ROAD,103.839759,1.301978
PRIME SUPERMARKET (1996) PTE LTD,NANYANG AVENUE,103.678818,1.346765
COLD STORAGE SINGAPORE (1983) PTE LTD,FIRST STREET,103.923658,1.312753
MOHAMAD DAMAR HULAN BIN OSMAN,CHANGI ROAD,103.903965,1.31715
THE FOODSPREE PTE LTD,JOO CHIAT ROAD,103.899711,1.312904
HAO MART PTE. LTD.,SIGLAP ROAD,103.92377,1.307061
COLD STORAGE SINGAPORE (1983) PTE LTD,BEDOK ROAD,103.948257,1.331427
SHENG SIONG SUPERMARKET PTE LTD,BEDOK RESERVOIR ROAD,103.923304,1.338242
COLD STORAGE SINGAPORE (1983) PTE LTD,PASIR RIS DRIVE 4,103.958648,1.368998
SHENG SIONG SUPERMARKET PTE LTD,PASIR RIS STREET 51,103.947922,1.369686
COLD STORAGE SINGAPORE (1983) PTE LTD,BUANGKOK CRESCENT,103.879309,1.38085
L M MEAT PTE. LTD.,SINARAN DRIVE,103.843892,1.32043
FISHOP PTE. LTD.,ALEXANDRA ROAD,103.80501,1.288615
HONG HENG SENG,BANDA STREET,103.843437,1.281197
COLD STORAGE SINGAPORE (1983) PTE LTD,JURONG EAST STREET 21,103.746638,1.335024
U STARS SUPERMARKET PTE. LTD.,CLEMENTI AVENUE 5,103.769077,1.317703
KEK HONG HENG,PENJURU WALK,103.731949,1.31801
LIM KING CHEW,HOUGANG AVENUE 3,103.893981,1.362714
COLD STORAGE SINGAPORE (1983) PTE LTD,MARINE PARADE ROAD,103.905114,1.301191
PRIME SUPERMARKET (1996) PTE LTD,BEDOK SOUTH ROAD,103.934734,1.320625
SHENG SIONG SUPERMARKET PTE LTD,TECK WHYE LANE,103.754071,1.378298
COLD STORAGE SINGAPORE (1983) PTE LTD,ALJUNIED AVENUE 2,103.887363,1.32
SHENG SIONG SUPERMARKET PTE LTD,LORONG 7 TOA PAYOH,103.855541,1.339045
MCP FAIRMART PTE LTD,BEDOK NORTH STREET 4,103.938051,1.332335
ONE EIGHT SHOP PTE. LTD.,JURONG EAST STREET 13,103.737623,1.336585
COLD STORAGE SINGAPORE (1983) PTE LTD,BUKIT BATOK STREET 31,103.74958,1.358317
COLD STORAGE SINGAPORE (1983) PTE LTD,BEDOK NORTH STREET 3,103.931091,1.333066
HAO MART PTE. LTD.,TAMPINES STREET 45,103.958248,1.359986
COLD STORAGE SINGAPORE (1983) PTE LTD,YISHUN AVENUE 5,103.828763,1.430618
COLD STORAGE SINGAPORE (1983) PTE LTD,TELOK BLANGAH CRESCENT,103.819341,1.277795
COLD STORAGE SINGAPORE (1983) PTE LTD,GHIM MOH ROAD,103.788533,1.310081
PRIME SUPERMARKET LIMITED,BUKIT BATOK STREET 11,103.742709,1.348575
SHENG SIONG SUPERMARKET PTE LTD,YISHUN STREET 81,103.835001,1.416019
COLD STORAGE SINGAPORE (1983) PTE LTD,UBI AVENUE 1,103.90193,1.329872
ANG MO SUPERMARKET PTE LTD,HOUGANG AVENUE 8,103.879939,1.371703
EN FROZEN PTE LTD,GEYLANG SERAI,103.897977,1.316725
LAURELS FOODS SUPPLIERS PTE LTD,PANDAN VALLEY,103.778972,1.320442
SHENG SIONG SUPERMARKET PTE LTD,YISHUN CENTRAL 1,103.837125,1.427505
SHENG SIONG SUPERMARKET PTE LTD,WOODLANDS STREET 31,103.773516,1.431505
TEO BOBBY,SERANGOON CENTRAL DRIVE,103.870757,1.353671
SHAHUL HAMEED S/O ABDUSALAM,TAMPINES STREET 22,103.951703,1.347535
COLD STORAGE SINGAPORE (1983) PTE LTD,BUKIT BATOK EAST AVENUE 3,103.757277,1.346699
COLD STORAGE SINGAPORE (1983) PTE LTD,SERANGOON CENTRAL DRIVE,103.871473,1.353232
COLD STORAGE SINGAPORE (1983) PTE LTD,MARINE TERRACE,103.915376,1.305606
SHENG SIONG SUPERMARKET PTE LTD,CIRCUIT ROAD,103.888248,1.329181
COLD STORAGE SINGAPORE (1983) PTE LTD,YISHUN STREET 22,103.837605,1.436114
PRIME SUPERMARKET (1996) PTE LTD,TECK WHYE LANE,103.751954,1.38079
TAN CHUAN BOON,HOUGANG AVENUE 5,103.895145,1.366209
SHENG SIONG SUPERMARKET PTE LTD,MCNAIR ROAD,103.859383,1.321619
PRIME SUPERMARKET LIMITED,JURONG WEST STREET 91,103.691483,1.342018
MCP FAIRMART PTE LTD,JURONG GATEWAY ROAD,103.739371,1.333753
SHENG SIONG SUPERMARKET PTE LTD,BEDOK NORTH ROAD,103.936865,1.331434
HAO MART PTE. LTD.,WHAMPOA DRIVE,103.857753,1.324716
COLD STORAGE SINGAPORE (1983) PTE LTD,COVE AVENUE,103.839555,1.24715
COLD STORAGE SINGAPORE (1983) PTE LTD,MARITIME SQUARE,103.818626,1.262063
L M MEAT PTE. LTD.,WEST COAST ROAD,103.765285,1.303583
U STARS PTE. LTD.,KEAT HONG LINK,103.7497,1.377544
GURU'S MARKETING PTE. LTD.,PENJURU WALK,103.732882,1.319238
ISETAN (SINGAPORE) LIMITED?,ORCHARD ROAD,103.831507,1.30581
SHENG SIONG SUPERMARKET PTE LTD,CLEMENTI AVENUE 1,103.768637,1.309733
COLD STORAGE SINGAPORE (1983) PTE LTD,CLEMENTI ROAD,103.769369,1.301761
SHENG SIONG SUPERMARKET PTE LTD,DAWSON ROAD,103.809759,1.29532
COLD STORAGE SINGAPORE (1983) PTE LTD,NORTH BRIDGE ROAD,103.85312,1.293894
COLD STORAGE SINGAPORE (1983) PTE LTD,ORCHARD ROAD,103.834676,1.302424
COLD STORAGE SINGAPORE (1983) PTE LTD,KIM KEAT AVENUE,103.857378,1.332113
NTUC FAIRPRICE CO-OPERATIVE LTD,STIRLING ROAD,103.803108,1.290909
NTUC FAIRPRICE CO-OPERATIVE LTD,NEW BRIDGE ROAD,103.844697,1.284999
COLD STORAGE SINGAPORE (1983) PTE LTD,THOMSON ROAD,103.843463,1.317335
COLD STORAGE SINGAPORE (1983) PTE LTD,HOUGANG STREET 51,103.887832,1.379245
TEO BOBBY,CHAI CHEE AVENUE,103.92437,1.32476
LOH NYEN YIU,BEACH ROAD,103.865164,1.302751
ARCHANA PROVISION STORES PTE. LTD,PENJURU WALK,103.732882,1.319238
KINGSMART PTE. LTD.,PENJURU PLACE,103.732527,1.31621
AP HOUSE PTE. LTD.,MARINA VIEW,103.850795,1.278307
HAO MART PTE. LTD.,BAYSHORE ROAD,103.936895,1.311795
COLD STORAGE SINGAPORE (1983) PTE LTD,EASTWOOD ROAD,103.955419,1.321448
U STARS SUPERMARKET PTE. LTD.,ANCHORVALE STREET,103.889247,1.39685
U STARS SUPERMARKET PTE. LTD.,COMPASSVALE DRIVE,103.892787,1.38977
PRIME SUPERMARKET (1996) PTE LTD,SERANGOON NORTH AVENUE 3,103.871417,1.373684
SHENG SIONG SUPERMARKET PTE LTD,UPPER THOMSON ROAD,103.836054,1.351845
PHAN NEE INVESTMENTS (S) PTE LTD,YISHUN AVENUE 7,103.837963,1.445183
COLD STORAGE SINGAPORE (1983) PTE LTD,YISHUN AVENUE 2,103.83298,1.417383
GW TRADER PTE. LTD.,SELETAR NORTH LINK,103.896448,1.418331
PHANG NEE ENTERPRISE PTE. LTD.,JALAN PAPAN,103.729751,1.320788
SHENG SIONG SUPERMARKET PTE LTD,SUMANG LINK,103.900372,1.410819
FOUR SEASONS ORGANIC MARKET PTE. LTD.,MARINE PARADE ROAD,103.905114,1.301191
THE BUTCHER (SINGAPORE) PTE. LTD.,MARINE PARADE ROAD,103.905114,1.301191
SHENG SIONG SUPERMARKET PTE LTD,CLEMENTI AVENUE 2,103.771351,1.314279
SHENG SIONG SUPERMARKET PTE LTD,JURONG WEST STREET 42,103.71576,1.352394
THNG SAIK MONG,CLEMENTI STREET 11,103.770266,1.322124
HAO MART PTE. LTD.,BISHAN STREET 23,103.848208,1.358035
COLD STORAGE SINGAPORE (1983) PTE LTD,TAMPINES STREET 32,103.960042,1.354365
SHENG SIONG SUPERMARKET PTE LTD,WOODLANDS INDUSTRIAL PARK E7,103.796847,1.45075
MAHOTA FOOD PTE. LTD.,FRENCH ROAD,103.862006,1.308327
GURU'S MARKETING PTE. LTD.,JALAN PAPAN,103.726723,1.320484
VINAYAK TRADERS PTE. LTD.,JALAN PAPAN,103.726723,1.320484
COLD STORAGE SINGAPORE (1983) PTE LTD,WOODLANDS AVENUE 6,103.798141,1.445623
CHENNAI TRADING & SUPERMART PTE. LTD.,JALAN PAPAN,103.726723,1.320484
AJMAL TRADE MART PTE. LTD.,MANDAI ESTATE,103.760562,1.406312
L M MEAT PTE. LTD.,CHANGI BUSINESS PARK CENTRAL 1,103.962389,1.334325
SHENG SIONG SUPERMARKET PTE LTD,PENJURU WALK,103.732882,1.319238
SUN TRG & CON PTE LTD,WOODLANDS INDUSTRIAL PARK E5,103.791095,1.451325
SHENG SIONG SUPERMARKET PTE LTD,CHIN SWEE ROAD,103.84158,1.287083
COLD STORAGE SINGAPORE (1983) PTE LTD,SENGKANG SQUARE,103.89498,1.392094
COLD STORAGE SINGAPORE (1983) PTE LTD,SEMBAWANG ROAD,103.824495,1.441767
SONG FISH DEALER PTE LTD,NEW BRIDGE ROAD,103.844697,1.284999
SONG FISH DEALER PTE LTD,JURONG WEST CENTRAL 2,103.706461,1.33983
COLD STORAGE SINGAPORE (1983) PTE LTD,PASIR RIS STREET 21,103.964599,1.366454
NG CHAI SENG,BUKIT PURMEI ROAD,103.825311,1.273929
PRIME SUPERMARKET LIMITED,BUKIT BATOK STREET 31,103.750366,1.358946
ANG KEN CHUA,CHOA CHU KANG AVENUE 3,103.74152,1.380628
HAO MART PTE. LTD.,BEDOK NORTH STREET 3,103.924236,1.331773
COLD STORAGE SINGAPORE (1983) PTE LTD,TAMPINES NORTH DRIVE 2,103.932,1.372102
SARATHI STORES PTE LTD,UPPER PAYA LEBAR ROAD,103.887004,1.337485
SIVAMANI MINIMART PTE LTD,UPPER PAYA LEBAR ROAD,103.886109,1.338882
HAO MART PTE. LTD.,JALAN KURAS,103.829631,1.373079
ALTERNATIVE SELECTION PTE. LTD.,BINJAI PARK,103.786969,1.336615
TUAS SOUTH MINIMART PTE. LTD.,TUAS SOUTH STREET 15,103.636145,1.270677
NPS IMPEX PTE. LTD,TUAS VIEW SQUARE,103.627518,1.298951
COLD STORAGE SINGAPORE (1983) PTE LTD,JURONG WEST STREET 41,103.724599,1.350112
SHENG SIONG SUPERMARKET PTE LTD,JURONG WEST AVENUE 5,103.703416,1.348785
COLD STORAGE SINGAPORE (1983) PTE LTD,UPPER BUKIT TIMAH ROAD,103.767542,1.360124
GOWRI'S GLOBAL MARKETING PTE. LTD.,MANDAI ROAD,103.768396,1.410722
BALASUBRAMANIYAN KANNADASAN,KRANJI ROAD,103.754008,1.435945
AJMAL TRADE MART PTE. LTD.,KRANJI ROAD,103.759237,1.430694
DE ESPERTO MINIMART PTE. LTD.,WOODLANDS INDUSTRIAL PARK E7,103.797853,1.451221
PHAN NEE TRADING LLP,ADMIRALTY ROAD WEST,103.818111,1.461389
BANGLADESH SUPER MARKET PTE. LTD.,SEMBAWANG ROAD,103.832526,1.453437
LABIBA ENTERPRISE PTE. LTD.,JALAN KAYU,103.872852,1.396574
COLD STORAGE SINGAPORE (1983) PTE LTD,COMPASSVALE BOW,103.897031,1.381997
SHAFEN SUPERMARKET & TRADING (S) PTE. LTD.,TOH GUAN ROAD EAST,103.751807,1.336418
YS LOGISTICS (S) PTE. LTD.,JALAN TEPONG,103.722317,1.308593
MALAR MARKETING PTE. LTD.,TUAS SOUTH AVENUE 1,103.627437,1.313358
SADIA SUPERMARKET & TRADING (S) PTE. LTD.,TECH PARK CRESCENT,103.63019,1.310694
GOWRI'S GLOBAL MARKETING PTE. LTD.,UPPER JURONG ROAD,103.67713,1.328886
KAVI TRADERS PTE. LTD.,TUAS SOUTH AVENUE 1,103.627917,1.313322
BISMILLAH MINIMART PTE. LTD.,MANDAI ESTATE,103.758095,1.407543
FORTUNE SUPERMARKET PTE. LTD.,SEMBAWANG DRIVE,103.81454,1.455512
COLD STORAGE SINGAPORE (1983) PTE LTD,SEMBAWANG DRIVE,103.817249,1.452736
PRIME SUPERMARKET LIMITED,PUNGGOL FIELD,103.908851,1.396526
U STARS SUPERMARKET PTE. LTD.,PUNGGOL WAY,103.896824,1.405414
COLD STORAGE SINGAPORE (1983) PTE LTD,FAJAR ROAD,103.770768,1.38358
HAO MART PTE. LTD.,PETIR ROAD,103.773924,1.37343
PRIME SUPERMARKET (1996) PTE LTD,YISHUN STREET 72,103.833259,1.425398
SHENG SIONG SUPERMARKET PTE LTD,TAMPINES CENTRAL 1,103.945912,1.355902
COLD STORAGE SINGAPORE (1983) PTE LTD,PASIR RIS STREET 71,103.937088,1.374549
COLD STORAGE SINGAPORE (1983) PTE LTD,YISHUN AVENUE 11,103.84725,1.424899
PRIME SUPERMARKET LIMITED,CHAI CHEE ROAD,103.92415,1.32329
SHENG SIONG SUPERMARKET PTE LTD,BEDOK NORTH STREET 3,103.925501,1.332402
HAO MART PTE. LTD.,BEDOK SOUTH AVENUE 3,103.943632,1.31935
PRIME SUPERMARKET (1996) PTE LTD,HOUGANG STREET 11,103.879315,1.352091
PRIME SUPERMARKET LIMITED,COMPASSVALE STREET,103.896042,1.394848
COLD STORAGE SINGAPORE (1983) PTE LTD,WOODLANDS STREET 82,103.790548,1.442753
COLD STORAGE SINGAPORE (1983) PTE LTD,ANG MO KIO AVENUE 4,103.839489,1.37424
COLD STORAGE SINGAPORE (1983) PTE LTD,JALAN LOKAM,103.882696,1.345608
D-RON INVESTMENTS PTE. LTD.,SELETAR NORTH LINK,103.896019,1.416908
AJMAL SUPER MART PTE. LTD.,TUAS SOUTH AVENUE 1,103.625765,1.313965
COLD STORAGE SINGAPORE (1983) PTE LTD,CLAYMORE DRIVE,103.829352,1.307562
SONG FISH DEALER PTE LTD,JURONG GATEWAY ROAD,103.74317,1.3332
COLD STORAGE SINGAPORE (1983) PTE LTD,DUNEARN ROAD,103.837815,1.316177
COLD STORAGE SINGAPORE (1983) PTE LTD,BAYFRONT AVENUE,103.858506,1.283559
NG LIAN TEE,GREENDALE AVENUE,103.807034,1.331665
TAN PAK NANG,UPPER ALJUNIED ROAD,103.878842,1.333123
HAO MART PTE. LTD.,LORONG 11 GEYLANG,103.877005,1.313469
PRB TRADING PTE. LTD.,GEYLANG ROAD,103.877389,1.312089
SHENG SIONG SUPERMARKET PTE LTD,GEYLANG ROAD,103.878642,1.312721
I-TEC SUPERMART PTE LTD,GEYLANG ROAD,103.885153,1.313289
YEO HOCK HENG,ALJUNIED ROAD,103.881878,1.313576
AZ SUPERMART PTE. LTD.,KAKI BUKIT AVENUE 3,103.909947,1.338097
FOODIE MARKET PLACE PTE. LTD.,TANJONG KATONG ROAD,103.89615,1.306086
ZAC MEAT & POULTRY PTE LTD,FIGARO STREET,103.925857,1.315749
